cost_bps,total_return,volatility,sharpe,max_drawdown,trade_count
20,0.019814935501974773,0.24478110862093772,1.5563011669741842,-0.04615724962338019,864
30,0.005648174387524296,0.24478110862093772,0.5268099557457824,-0.050962195234161345,864
40,-0.008335667360061416,0.24478110862093772,-0.5026812554826199,-0.05574775783462527,864
